codigo_super_cias,etiqueta,actividad,columna,categoria
10102010101,ACCIONES Y PARTICIPACIONES,INVERSION,Y,Total Actividades de Inversión
10102010102,CUOTAS DE FONDOS COLECTIVOS,INVERSION,Y,Total Actividades de Inversión
10102010103,VALORES DE  TITULARIZACIÓN DE PARTICIPACIÓN,INVERSION,Y,Total Actividades de Inversión
10102010104,UNIDADES DE PARTICIPACIÓN,INVERSION,Y,Total Actividades de Inversión
10102010105,INVERSIONES EN EL EXTERIOR,INVERSION,Y,Total Actividades de Inversión
10102010106,OTROS,INVERSION,Y,Total Actividades de Inversión
10102010201,AVALES,INVERSION,Y,Total Actividades de Inversión
10102010202,BONOS DEL ESTADO,INVERSION,Y,Total Actividades de Inversión
10102010203,BONOS DE PRENDA,INVERSION,Y,Total Actividades de Inversión
10102010204,CÉDULAS HIPOTECARIAS,INVERSION,Y,Total Actividades de Inversión
10102010205,CERTIFICADOS FINANCIEROS,INVERSION,Y,Total Actividades de Inversión
10102010206,CERTIFICADOS DE INVERSIÓN,INVERSION,Y,Total Actividades de Inversión
10102010207,CERTIFICADOS DE TESORERÍA,INVERSION,Y,Total Actividades de Inversión
10102010208,CERTIFICADOS DE DEPÓSITO,INVERSION,Y,Total Actividades de Inversión
10102010209,CUPONES,INVERSION,Y,Total Actividades de Inversión
10102010210,DEPÓSITOS A PLAZO,INVERSION,Y,Total Actividades de Inversión
10102010211,LETRAS DE CAMBIO,INVERSION,Y,Total Actividades de Inversión
10102010212,NOTAS DE CRÉDITO,INVERSION,Y,Total Actividades de Inversión
10102010213,OBLIGACIONES,INVERSION,Y,Total Actividades de Inversión
10102010214,FACTURAS COMERCIALES NEGOCIABLES,INVERSION,Y,Total Actividades de Inversión
10102010215,OVERNIGHTS,INVERSION,Y,Total Actividades de Inversión
10102010216,OBLIGACIONES CONVERTIBLES EN ACCIONES,INVERSION,Y,Total Actividades de Inversión
10102010217,PAPEL COMERCIAL,INVERSION,Y,Total Actividades de Inversión
10102010218,PAGARÉS,INVERSION,Y,Total Actividades de Inversión
10102010219,PÓLIZAS DE ACUMULACIÓN,INVERSION,Y,Total Actividades de Inversión
10102010220,TÍTULOS DEL BANCO CENTRAL,INVERSION,Y,Total Actividades de Inversión
10102010221,VALORES DE TITULARIZACIÓN,INVERSION,Y,Total Actividades de Inversión
10102010222,INVERSIONES EN EL EXTERIOR,INVERSION,Y,Total Actividades de Inversión
10102010223,OTROS,INVERSION,Y,Total Actividades de Inversión
10102010301,FORWARD,INVERSION,Y,Total Actividades de Inversión
10102010302,FUTUROS,INVERSION,Y,Total Actividades de Inversión
10102010303,OPCIONES,INVERSION,Y,Total Actividades de Inversión
10102010304,OTROS,INVERSION,Y,Total Actividades de Inversión
1010202,ACTIVOS FINANCIEROS A VALOR RAZONABLE CON CAMBIOS EN OTRO RESULTADO INTEGRAL,OPERACION,V,Gstos que no desenvolso de efectivo
10102020101,ACCIONES Y PARTICIPACIONES,INVERSION,Y,Total Actividades de Inversión
10102020102,CUOTAS DE FONDOS COLECTIVOS,INVERSION,Y,Total Actividades de Inversión
10102020103,UNIDADES DE PARTICIPACIÓN,INVERSION,Y,Total Actividades de Inversión
10102020104,VALORES DE  TITULARIZACIÓN DE PARTICIPACIÓN,INVERSION,Y,Total Actividades de Inversión
10102020105,INVERSIONES EN EL EXTERIOR,INVERSION,Y,Total Actividades de Inversión
10102020106,OTROS,INVERSION,Y,Total Actividades de Inversión
10102020201,AVALES,INVERSION,Y,Total Actividades de Inversión
10102020202,BONOS DEL ESTADO,INVERSION,Y,Total Actividades de Inversión
10102020203,BONOS DE PRENDA,INVERSION,Y,Total Actividades de Inversión
10102020204,CÉDULAS HIPOTECARIAS,INVERSION,Y,Total Actividades de Inversión
10102020205,CERTIFICADOS FINANCIEROS,INVERSION,Y,Total Actividades de Inversión
10102020206,CERTIFICADOS DE INVERSIÓN,INVERSION,Y,Total Actividades de Inversión
10102020207,CERTIFICADOS DE TESORERÍA,INVERSION,Y,Total Actividades de Inversión
10102020208,CERTIFICADOS DE DEPÓSITO,INVERSION,Y,Total Actividades de Inversión
10102020209,CUPONES,INVERSION,Y,Total Actividades de Inversión
10102020210,DEPÓSITOS A PLAZO,INVERSION,Y,Total Actividades de Inversión
10102020211,LETRAS DE CAMBIO,INVERSION,Y,Total Actividades de Inversión
10102020212,NOTAS DE CRÉDITO,INVERSION,Y,Total Actividades de Inversión
10102020213,OBLIGACIONES,INVERSION,Y,Total Actividades de Inversión
10102020214,FACTURAS COMERCIALES NEGOCIABLES,INVERSION,Y,Total Actividades de Inversión
10102020215,OVERNIGHTS,INVERSION,Y,Total Actividades de Inversión
10102020216,OBLIGACIONES CONVERTIBLES EN ACCIONES,INVERSION,Y,Total Actividades de Inversión
10102020217,PAPEL COMERCIAL,INVERSION,Y,Total Actividades de Inversión
10102020218,PAGARÉS,INVERSION,Y,Total Actividades de Inversión
10102020219,PÓLIZAS DE ACUMULACIÓN,INVERSION,Y,Total Actividades de Inversión
10102020220,TÍTULOS DEL BANCO CENTRAL,INVERSION,Y,Total Actividades de Inversión
10102020221,VALORES DE TITULARIZACIÓN,INVERSION,Y,Total Actividades de Inversión
10102020222,INVERSIONES EN EL EXTERIOR,INVERSION,Y,Total Actividades de Inversión
10102020223,OTROS,INVERSION,Y,Total Actividades de Inversión
10102030201,AVALES,INVERSION,Y,Total Actividades de Inversión
10102030202,BONOS DEL ESTADO,INVERSION,Y,Total Actividades de Inversión
10102030203,BONOS DE PRENDA,INVERSION,Y,Total Actividades de Inversión
10102030204,CÉDULAS HIPOTECARIAS,INVERSION,Y,Total Actividades de Inversión
10102030205,CERTIFICADOS FINANCIEROS,INVERSION,Y,Total Actividades de Inversión
10102030206,CERTIFICADOS DE INVERSIÓN,INVERSION,Y,Total Actividades de Inversión
10102030207,CERTIFICADOS DE TESORERÍA,INVERSION,Y,Total Actividades de Inversión
10102030208,CERTIFICADOS DE DEPÓSITO,INVERSION,Y,Total Actividades de Inversión
10102030209,CUPONES,INVERSION,Y,Total Actividades de Inversión
10102030210,DEPÓSITOS A PLAZO,INVERSION,Y,Total Actividades de Inversión
10102030211,LETRAS DE CAMBIO,INVERSION,Y,Total Actividades de Inversión
10102030212,NOTAS DE CRÉDITO,INVERSION,Y,Total Actividades de Inversión
10102030213,OBLIGACIONES,INVERSION,Y,Total Actividades de Inversión
10102030214,FACTURAS COMERCIALES NEGOCIABLES,INVERSION,Y,Total Actividades de Inversión
10102030215,OVERNIGHTS,INVERSION,Y,Total Actividades de Inversión
10102030216,OBLIGACIONES CONVERTIBLES EN ACCIONES,INVERSION,Y,Total Actividades de Inversión
10102030217,PAPEL COMERCIAL,INVERSION,Y,Total Actividades de Inversión
10102030218,PAGARÉS,INVERSION,Y,Total Actividades de Inversión
10102030219,PÓLIZAS DE ACUMULACIÓN,INVERSION,Y,Total Actividades de Inversión
10102030220,TÍTULOS DEL BANCO CENTRAL,INVERSION,Y,Total Actividades de Inversión
10102030221,VALORES DE TITULARIZACIÓN,INVERSION,Y,Total Actividades de Inversión
10102030222,INVERSIONES EN EL EXTERIOR,INVERSION,Y,Total Actividades de Inversión
10102030223,OTROS,INVERSION,Y,Total Actividades de Inversión
101020401,ACTIVOS FINANCIEROS A VALOR RAZONABLE CON CAMBIOS EN RESULTADOS,OPERACION,V,Gstos que no desenvolso de efectivo
101020402,ACTIVOS FINANCIEROS AL COSTO AMORTIZADO,OPERACION,V,Gstos que no desenvolso de efectivo
101020403,ACTIVOS FINANCIEROS A VALOR RAZONABLE CON CAMBIOS EN OTRO RESULTADO INTEGRAL,OPERACION,V,Gstos que no desenvolso de efectivo
10102050101,CUENTAS Y DOCUMENTOS A COBRAR  A CLIENTES,OPERACION,L,(Incremento) disminución en cuentas por cobrar clientes
10102050102,CUENTAS Y DOCUMENTOS A COBRAR  A TERCEROS,OPERACION,M,(Incremento) disminución en otras cuentas por cobrar
10102050201,CUENTAS Y DOCUMENTOS A COBRAR  A CLIENTES,OPERACION,L,(Incremento) disminución en cuentas por cobrar clientes
10102050202,CUENTAS Y DOCUMENTOS A COBRAR  A TERCEROS,OPERACION,M,(Incremento) disminución en otras cuentas por cobrar
10102050203,CUENTAS POR COBRAR AL ORIGINADOR,OPERACION,M,(Incremento) disminución en otras cuentas por cobrar
10102050204,COMISIONES POR OPERACIONES  BURSÁTILES,OPERACION,M,(Incremento) disminución en otras cuentas por cobrar
10102050207,CONTRATO DE UNDERWRITING,OPERACION,M,(Incremento) disminución en otras cuentas por cobrar
10102050208,POR  ADMINISTRACIÓN Y MANEJO DE PORTAFOLIOS DE TERCEROS,OPERACION,M,(Incremento) disminución en otras cuentas por cobrar
10102050209,POR ADMINISTRACIÓN Y MANEJO DE FONDOS ADMINISTRADOS,OPERACION,M,(Incremento) disminución en otras cuentas por cobrar
10102050210,POR ADMINISTRACIÓN Y MANEJO DE NEGOCIOS FIDUCIARIOS,OPERACION,M,(Incremento) disminución en otras cuentas por cobrar
10102050211,POR CUSTODIA Y CONSERVACIÓN DE VALORES MATERIALIZADOS,OPERACION,M,(Incremento) disminución en otras cuentas por cobrar
10102050212,POR CUSTODIA Y CONSERVACIÓN DE VALORES DESMATERIALIZADOS,OPERACION,M,(Incremento) disminución en otras cuentas por cobrar
10102050213,POR MANEJO DE LIBRO DE ACCIONES Y ACCIONISTAS,OPERACION,M,(Incremento) disminución en otras cuentas por cobrar
10102050214,POR ASESORÍA,OPERACION,M,(Incremento) disminución en otras cuentas por cobrar
10102050215,DIVIDENDOS POR COBRAR,OPERACION,M,(Incremento) disminución en otras cuentas por cobrar
10102050216,INTERESES POR COBRAR,OPERACION,M,(Incremento) disminución en otras cuentas por cobrar
10102050217,DEUDORES POR INTERMEDIACIÓN DE VALORES,OPERACION,M,(Incremento) disminución en otras cuentas por cobrar
10102050218,ANTICIPO A COMITENTES,OPERACION,M,(Incremento) disminución en otras cuentas por cobrar
10102050219,ANTICIPO A CONSTRUCTOR POR AVANCE DE OBRA,OPERACION,M,(Incremento) disminución en otras cuentas por cobrar
10102050220,DERECHOS POR COMPROMISO DE RECOMPRA,OPERACION,M,(Incremento) disminución en otras cuentas por cobrar
10102050221,OTRAS CUENTAS POR COBRAR NO RELACIONADAS,OPERACION,M,(Incremento) disminución en otras cuentas por cobrar
101020601,POR COBRAR A ACCIONISTAS,OPERACION,M,(Incremento) disminución en otras cuentas por cobrar
101020602,POR COBRAR A COMPAÑÍAS RELACIONADAS,OPERACION,M,(Incremento) disminución en otras cuentas por cobrar
101020603,POR COBRAR A CLIENTES,OPERACION,L,(Incremento) disminución en cuentas por cobrar clientes
101020604,OTRAS CUENTAS POR COBRAR RELACIONADAS,OPERACION,M,(Incremento) disminución en otras cuentas por cobrar
1010207,PROVISIÓN POR CUENTAS INCOBRABLES Y DETERIORO,OPERACION,V,Gstos que no desenvolso de efectivo
1010301,INVENTARIOS DE MATERIA PRIMA,OPERACION,O,(Incremento) disminución en inventarios
1010302,INVENTARIOS DE PRODUCTOS EN PROCESO,OPERACION,O,(Incremento) disminución en inventarios
1010303,INVENTARIOS DE SUMINISTROS O MATERIALES A SER CONSUMIDOS EN EL PROCESO DE PRODUCCION,OPERACION,O,(Incremento) disminución en inventarios
1010304,INVENTARIOS DE SUMINISTROS O MATERIALES A SER CONSUMIDOS EN LA PRESTACION DEL SERVICIO,OPERACION,O,(Incremento) disminución en inventarios
1010305,INVENTARIOS DE PROD. TERM. Y MERCAD. EN ALMACÉN - PRODUCIDO POR LA COMPAÑÍA,OPERACION,O,(Incremento) disminución en inventarios
1010306,INVENTARIOS DE PROD. TERM. Y MERCAD. EN ALMACÉN - COMPRADO A  TERCEROS,OPERACION,O,(Incremento) disminución en inventarios
1010307,MERCADERÍAS EN TRÁNSITO,OPERACION,O,(Incremento) disminución en inventarios
1010308,OBRAS EN CONSTRUCCION,OPERACION,O,(Incremento) disminución en inventarios
1010309,OBRAS TERMINADAS,OPERACION,O,(Incremento) disminución en inventarios
1010310,MATERIALES O BIENES PARA LA CONSTRUCCION,OPERACION,O,(Incremento) disminución en inventarios
1010311,"INVENTARIOS REPUESTOS, HERRAMIENTAS Y ACCESORIOS",OPERACION,O,(Incremento) disminución en inventarios
1010312,OTROS INVENTARIOS,OPERACION,O,(Incremento) disminución en inventarios
1010313,(-) PROVISIÓN POR VALOR NETO DE REALIZACIÓN Y OTRAS PERDIDAS EN INVENTARIO,OPERACION,V,Gstos que no desenvolso de efectivo
1010401,SEGUROS PAGADOS POR ANTICIPADO,OPERACION,P,(Incremento) disminución en otros activos
1010402,ARRIENDOS PAGADOS POR ANTICIPADO,OPERACION,P,(Incremento) disminución en otros activos
1010403,ANTICIPOS A PROVEEDORES,OPERACION,N,(Incremento) disminución en anticipos de proveedores
1010404,OTROS ANTICIPOS ENTREGADOS,OPERACION,N,(Incremento) disminución en anticipos de proveedores
1010501,CRÉDITO TRIBUTARIO A FAVOR DE LA EMPRESA (IVA),OPERACION,U,Incremento  (disminución) en otros pasivos
1010502,CRÉDITO TRIBUTARIO A FAVOR DE LA EMPRESA ( I. R.),OPERACION,U,Incremento  (disminución) en otros pasivos
1010503,ANTICIPO DE IMPUESTO A LA RENTA,OPERACION,U,Incremento  (disminución) en otros pasivos
10106,ACTIVOS CORRIENTES MANTENIDOS PARA LA VENTA Y OPERACIONES DISCONTINUADAS,OPERACION,P,(Incremento) disminución en otros activos
10107,CONSTRUCCIONES EN PROCESO (NIC 11 Y SECC.23 PYMES),INVERSION,Y,Total Actividades de Inversión
10108,OTROS ACTIVOS CORRIENTES,OPERACION,P,(Incremento) disminución en otros activos
1020101,TERRENOS,INVERSION,Y,Total Actividades de Inversión
1020102,EDIFICIOS,INVERSION,Y,Total Actividades de Inversión
1020103,CONSTRUCCIONES EN CURSO,INVERSION,Y,Total Actividades de Inversión
1020104,INSTALACIONES,INVERSION,Y,Total Actividades de Inversión
1020105,MUEBLES Y ENSERES,INVERSION,Y,Total Actividades de Inversión
1020106,MAQUINARIA Y EQUIPO,INVERSION,Y,Total Actividades de Inversión
1020107,"NAVES, AEREONAVES, BARCAZAS Y SIMILARES",INVERSION,Y,Total Actividades de Inversión
1020108,EQUIPO DE COMPUTACIÓN,INVERSION,Y,Total Actividades de Inversión
1020109,"VEHÍCULOS, EQUIPOS DE TRASPORTE Y EQUIPO CAMINERO MÓVIL",INVERSION,Y,Total Actividades de Inversión
1020110,"OTROS PROPIEDADES, PLANTA Y EQUIPO",INVERSION,Y,Total Actividades de Inversión
1020111,REPUESTOS Y HERRAMIENTAS,INVERSION,Y,Total Actividades de Inversión
1020112,"(-) DEPRECIACIÓN ACUMULADA PROPIEDADES, PLANTA Y EQUIPO",OPERACION,V,Gstos que no desenvolso de efectivo
1020113,"(-) DETERIORO  ACUMULADO DE PROPIEDADES, PLANTA Y EQUIPO",OPERACION,V,Gstos que no desenvolso de efectivo
102011401,ACTIVOS DE EXPLORACION Y EXPLOTACION,INVERSION,Y,Total Actividades de Inversión
102011402,(-) AMORTIZACION ACUMULADA DE ACTIVOS DE EXPLORACIÓN Y EXPLOTACIÓN,OPERACION,V,Gstos que no desenvolso de efectivo
102011403,(-) DETERIORO  ACUMULADO DE ACTIVOS DE EXPLORACIÓN Y EXPLOTACIÓN,OPERACION,V,Gstos que no desenvolso de efectivo
102020101,TERRENOS,INVERSION,Y,Total Actividades de Inversión
102020102,DERECHOS DE USO SOBRE TERRENOS SUBARRENDADOS,INVERSION,Y,Total Actividades de Inversión
102020201,EDIFICIOS,INVERSION,Y,Total Actividades de Inversión
102020202,DERECHOS DE USO SOBRE EDIFICIOS SUBARRENDADOS,INVERSION,Y,Total Actividades de Inversión
1020203,(-) DEPRECIACION ACUMULADA DE PROPIEDADES DE INVERSIÓN,OPERACION,V,Gstos que no desenvolso de efectivo
1020204,(-) DETERIORO ACUMULADO DE PROPIEDADES DE INVERSIÓN,OPERACION,V,Gstos que no desenvolso de efectivo
1020301,ANIMALES VIVOS EN CRECIMIENTO,INVERSION,Y,Total Actividades de Inversión
1020302,ANIMALES VIVOS EN PRODUCCION,INVERSION,Y,Total Actividades de Inversión
1020303,PLANTAS EN CRECIMIENTO,INVERSION,Y,Total Actividades de Inversión
1020304,PLANTAS EN PRODUCCION,INVERSION,Y,Total Actividades de Inversión
1020305,(-) DEPRECIACION ACUMULADA DE ACTIVOS BIOLÓGICOS,OPERACION,V,Gstos que no desenvolso de efectivo
1020306,(-) DETERIORO ACUMULADO DE ACTIVOS BIOLOGÍCOS,OPERACION,V,Gstos que no desenvolso de efectivo
1020401,PLUSVALÍAS,INVERSION,Y,Total Actividades de Inversión
1020402,"MARCAS, PATENTES, DERECHOS DE LLAVE , CUOTAS PATRIMONIALES Y OTROS SIMILARES",INVERSION,Y,Total Actividades de Inversión
1020403,CONCESIONES Y LICENCIAS,INVERSION,Y,Total Actividades de Inversión
1020404,ACTIVOS DE EXPLORACION Y EXPLOTACION,INVERSION,Y,Total Actividades de Inversión
1020405,(-) AMORTIZACIÓN ACUMULADA DE ACTIVOS INTANGIBLE,OPERACION,V,Gstos que no desenvolso de efectivo
1020406,(-) DETERIORO ACUMULADO DE ACTIVO INTANGIBLE,OPERACION,V,Gstos que no desenvolso de efectivo
1020407,OTROS INTANGIBLES,INVERSION,Y,Total Actividades de Inversión
10205,ACTIVOS POR IMPUESTOS DIFERIDOS,OPERACION,U,Incremento  (disminución) en otros pasivos
1020601,ACTIVOS FINANCIEROS A VALOR RAZONABLE CON CAMBIOS EN OTRO RESULTADO INTEGRAL,INVERSION,Y,Total Actividades de Inversión
1020603,ACTIVOS FINANCIEROS A COSTO AMORTIZADO,INVERSION,Y,Total Actividades de Inversión
1020604,(-) PROVISIÓN POR DETERIORO DE ACTIVOS FINANCIEROS A COSTO AMORTIZADO,OPERACION,V,Gstos que no desenvolso de efectivo
1020605,ACTIVOS FINANCIEROS A VALOR RAZONABLE CON CAMBIOS EN RESULTADOS,INVERSION,Y,Total Actividades de Inversión
1020606,(-)PROVISIÓN POR DETERIORO DE ACTIVOS FINANCIEROS A VALOR RAZONABLE CON CAMBIOS EN RESULTADOS,OPERACION,V,Gstos que no desenvolso de efectivo
1020701,(-) DEPRECIACIÓN ACUMULADA DE ACTIVOS PROVENIENTES POR DERECHOS DE USO,OPERACION,V,Gstos que no desenvolso de efectivo
1020702,(-) DETERIORO ACUMULADO DE ACTIVOS PROVENIENTES POR DERECHOS DE USO,OPERACION,V,Gstos que no desenvolso de efectivo
1020703,DERECHO DE USO POR ACTIVOS ARRENDADOS,OPERACION,P,(Incremento) disminución en otros activos
1020801,DERECHOS FIDUCIARIOS,INVERSION,Y,Total Actividades de Inversión
1020802,DEPÓSITOS EN GARANTÍA,INVERSION,Y,Total Actividades de Inversión
1020803,DEPÓSITOS EN GARANTÍA POR OPERACIONES BURSÁTILES,INVERSION,Y,Total Actividades de Inversión
1020805,ACCIONES DEL DEPÓSITO CENTRALIZADO DE VALORES,INVERSION,Y,Total Actividades de Inversión
1020806,INVERSIONES SUBSIDIARIAS,INVERSION,Y,Total Actividades de Inversión
1020807,INVERSIONES ASOCIADAS,INVERSION,Y,Total Actividades de Inversión
1020808,INVERSIONES NEGOCIOS CONJUNTOS,INVERSION,Y,Total Actividades de Inversión
1020809,OTRAS INVERSIONES,INVERSION,Y,Total Actividades de Inversión
1020810,(-) PROVISIÓN VALUACIÓN DE INVERSIONES,OPERACION,V,Gstos que no desenvolso de efectivo
1020811,OTROS ACTIVOS NO CORRIENTES,INVERSION,Y,Total Actividades de Inversión
1020901,CUENTAS Y DOCUMENTOS A COBRAR  A CLIENTES,OPERACION,L,(Incremento) disminución en cuentas por cobrar clientes
1020902,CUENTAS Y DOCUMENTOS A COBRAR  A TERCEROS,OPERACION,M,(Incremento) disminución en otras cuentas por cobrar
1020903,OTRAS CUENTAS POR COBRAR NO RELACIONADAS,OPERACION,M,(Incremento) disminución en otras cuentas por cobrar
1021001,POR COBRAR A ACCIONISTAS,OPERACION,M,(Incremento) disminución en otras cuentas por cobrar
1021002,POR COBRAR A COMPAÑÍAS RELACIONADAS,OPERACION,M,(Incremento) disminución en otras cuentas por cobrar
1021003,POR COBRAR A CLIENTES,OPERACION,L,(Incremento) disminución en cuentas por cobrar clientes
1021004,OTRAS CUENTAS POR COBRAR RELACIONADAS,OPERACION,M,(Incremento) disminución en otras cuentas por cobrar
20101,PASIVOS FINANCIEROS A VALOR RAZONABLE CON CAMBIOS EN RESULTADOS,OPERACION,U,Incremento  (disminución) en otros pasivos
20102,PASIVOS POR CONTRATOS DE ARRENDAMIENTO,OPERACION,R,Incremento  (disminución) en otras cuentas por pagar
201030101,PRÉSTAMOS,FINANCIAMIENTO,AA,Total Actividades de Financiamiento
201030102,PROVEEDORES,OPERACION,Q,Incremento  (disminución) en cuentas por pagar comerciales
201030103,OTRAS,OPERACION,R,Incremento  (disminución) en otras cuentas por pagar
201030201,PRÉSTAMOS,FINANCIAMIENTO,AA,Total Actividades de Financiamiento
201030202,PROVEEDORES,OPERACION,Q,Incremento  (disminución) en cuentas por pagar comerciales
201030203,OTRAS,OPERACION,R,Incremento  (disminución) en otras cuentas por pagar
2010401,LOCALES,FINANCIAMIENTO,AA,Total Actividades de Financiamiento
2010402,DEL EXTERIOR,FINANCIAMIENTO,AA,Total Actividades de Financiamiento
2010501,LOCALES,OPERACION,R,Incremento  (disminución) en otras cuentas por pagar
2010502,DEL EXTERIOR,OPERACION,R,Incremento  (disminución) en otras cuentas por pagar
2010601,OBLIGACIONES,FINANCIAMIENTO,AA,Total Actividades de Financiamiento
2010602,PAPEL COMERCIAL,FINANCIAMIENTO,AA,Total Actividades de Financiamiento
2010603,VALORES DE TITULARIZACIÓN,FINANCIAMIENTO,AA,Total Actividades de Financiamiento
2010604,OTROS,FINANCIAMIENTO,AA,Total Actividades de Financiamiento
2010605,INTERESES POR PAGAR,FINANCIAMIENTO,AA,Total Actividades de Financiamiento
2010701,CON LA ADMINISTRACIÓN TRIBUTARIA,OPERACION,U,Incremento  (disminución) en otros pasivos
2010702,IMPUESTO A LA RENTA POR PAGAR DEL EJERCICIO,OPERACION,U,Incremento  (disminución) en otros pasivos
2010703,CON EL IESS,OPERACION,S,Incremento  (disminución) en beneficios empleados
2010704,POR BENEFICIOS DE LEY A EMPLEADOS,OPERACION,S,Incremento  (disminución) en beneficios empleados
2010705,PARTICIPACIÓN TRABAJADORES POR PAGAR DEL EJERCICIO,OPERACION,S,Incremento  (disminución) en beneficios empleados
2010706,DIVIDENDOS POR PAGAR,OPERACION,R,Incremento  (disminución) en otras cuentas por pagar
2010707,OTROS,OPERACION,R,Incremento  (disminución) en otras cuentas por pagar
201080101,PRÉSTAMOS DE ACCIONISTAS,FINANCIAMIENTO,AA,Total Actividades de Financiamiento
201080102,PRÉSTAMOS DE COMPAÑÍAS RELACIONADAS,FINANCIAMIENTO,AA,Total Actividades de Financiamiento
201080103,PROVEEDORES,OPERACION,Q,Incremento  (disminución) en cuentas por pagar comerciales
201080104,OTROS,OPERACION,R,Incremento  (disminución) en otras cuentas por pagar
201080201,PRÉSTAMOS DE ACCIONISTAS,FINANCIAMIENTO,AA,Total Actividades de Financiamiento
201080202,PRÉSTAMOS DE COMPAÑÍAS RELACIONADAS,FINANCIAMIENTO,AA,Total Actividades de Financiamiento
201080203,PROVEEDORES,OPERACION,Q,Incremento  (disminución) en cuentas por pagar comerciales
201080204,OTROS,OPERACION,R,Incremento  (disminución) en otras cuentas por pagar
20109,OTROS PASIVOS FINANCIEROS,OPERACION,U,Incremento  (disminución) en otros pasivos
2011001,ANTICIPOS DE CLIENTES,OPERACION,T,Incremento  (disminución) en anticipos de clientes
2011002,OTROS ANTICIPOS RECIBIDOS,OPERACION,T,Incremento  (disminución) en anticipos de clientes
20111,PASIVOS DIRECTAMENTE ASOCIADOS CON LOS ACTIVOS NO CORRIENTES Y OPERACIONES DISCONTINUADAS,OPERACION,U,Incremento  (disminución) en otros pasivos
2011201,JUBILACION PATRONAL,OPERACION,V,Gstos que no desenvolso de efectivo
2011202,OTROS BENEFICIOS PARA LOS EMPLEADOS,OPERACION,V,Gstos que no desenvolso de efectivo
2011301,COMISIONES POR PAGAR,OPERACION,R,Incremento  (disminución) en otras cuentas por pagar
2011302,POR OPERACIONES BURSÁTILES,OPERACION,R,Incremento  (disminución) en otras cuentas por pagar
2011303,POR CUSTODIA,OPERACION,R,Incremento  (disminución) en otras cuentas por pagar
2011304,POR ADMINISTRACIÓN,OPERACION,R,Incremento  (disminución) en otras cuentas por pagar
2011305,OTRAS COMISIONES,OPERACION,R,Incremento  (disminución) en otras cuentas por pagar
2011306,SANCIONES Y MULTAS,OPERACION,R,Incremento  (disminución) en otras cuentas por pagar
2011307,INDEMNIZACIONES,OPERACION,R,Incremento  (disminución) en otras cuentas por pagar
2011308,OBLIGACIONES JUDICIALES,OPERACION,R,Incremento  (disminución) en otras cuentas por pagar
2011309,ACREEDORES POR INTERMEDIACIÓN,OPERACION,R,Incremento  (disminución) en otras cuentas por pagar
2011310,OBLIGACIÓN POR COMPROMISO DE RECOMPRA,OPERACION,R,Incremento  (disminución) en otras cuentas por pagar
2011311,POR CONTRATOS DE UNDERWRITING,OPERACION,R,Incremento  (disminución) en otras cuentas por pagar
2011312,OTROS,OPERACION,R,Incremento  (disminución) en otras cuentas por pagar
20114,PASIVOS FINANCIEROS AL COSTO AMORTIZADO,OPERACION,U,Incremento  (disminución) en otros pasivos
20201,PASIVOS POR CONTRATOS DE ARRENDAMIENTO,OPERACION,R,Incremento  (disminución) en otras cuentas por pagar
202020101,PRÉSTAMOS,FINANCIAMIENTO,AA,Total Actividades de Financiamiento
202020102,PROVEEDORES,OPERACION,Q,Incremento  (disminución) en cuentas por pagar comerciales
202020103,OTRAS,OPERACION,R,Incremento  (disminución) en otras cuentas por pagar
202020201,PRÉSTAMOS,FINANCIAMIENTO,AA,Total Actividades de Financiamiento
202020202,PROVEEDORES,OPERACION,Q,Incremento  (disminución) en cuentas por pagar comerciales
202020203,OTRAS,OPERACION,R,Incremento  (disminución) en otras cuentas por pagar
2020301,LOCALES,FINANCIAMIENTO,AA,Total Actividades de Financiamiento
2020302,DEL EXTERIOR,FINANCIAMIENTO,AA,Total Actividades de Financiamiento
202040101,PRÉSTAMOS DE ACCIONISTAS,FINANCIAMIENTO,AA,Total Actividades de Financiamiento
202040102,PRÉSTAMOS DE COMPAÑÍAS RELACIONADAS,FINANCIAMIENTO,AA,Total Actividades de Financiamiento
202040103,PROVEEDORES,OPERACION,Q,Incremento  (disminución) en cuentas por pagar comerciales
202040104,OTROS,OPERACION,R,Incremento  (disminución) en otras cuentas por pagar
202040201,PRÉSTAMOS DE ACCIONISTAS,FINANCIAMIENTO,AA,Total Actividades de Financiamiento
202040202,PRÉSTAMOS DE COMPAÑÍAS RELACIONADAS,FINANCIAMIENTO,AA,Total Actividades de Financiamiento
202040203,PROVEEDORES,OPERACION,Q,Incremento  (disminución) en cuentas por pagar comerciales
202040204,OTROS,OPERACION,R,Incremento  (disminución) en otras cuentas por pagar
2020501,OBLIGACIONES,FINANCIAMIENTO,AA,Total Actividades de Financiamiento
2020502,PAPEL COMERCIAL,FINANCIAMIENTO,AA,Total Actividades de Financiamiento
2020503,VALORES DE TITULARIZACIÓN,FINANCIAMIENTO,AA,Total Actividades de Financiamiento
2020504,OTROS,FINANCIAMIENTO,AA,Total Actividades de Financiamiento
2020505,INTERESES POR PAGAR,FINANCIAMIENTO,AA,Total Actividades de Financiamiento
2020601,ANTICIPOS DE CLIENTES,OPERACION,T,Incremento  (disminución) en anticipos de clientes
2020602,OTROS ANTICIPOS RECIBIDOS,OPERACION,T,Incremento  (disminución) en anticipos de clientes
2020701,JUBILACION PATRONAL,OPERACION,V,Gstos que no desenvolso de efectivo
2020702,OTROS BENEFICIOS NO CORRIENTES PARA LOS EMPLEADOS,OPERACION,V,Gstos que no desenvolso de efectivo
20208,OTRAS PROVISIONES,OPERACION,R,Incremento  (disminución) en otras cuentas por pagar
2020901,INGRESOS DIFERIDOS,OPERACION,T,Incremento  (disminución) en anticipos de clientes
2020902,PASIVOS POR IMPUESTOS DIFERIDOS,OPERACION,U,Incremento  (disminución) en otros pasivos
20210,OTROS PASIVOS NO CORRIENTES,OPERACION,U,Incremento  (disminución) en otros pasivos
30101,CAPITAL SUSCRITO O  ASIGNADO,FINANCIAMIENTO,AA,Total Actividades de Financiamiento
30102,"(-) CAPITAL SUSCRITO NO PAGADO, ACCIONES EN TESORERÍA",FINANCIAMIENTO,AA,Total Actividades de Financiamiento
30103,FONDO PATRIMONIAL,FINANCIAMIENTO,AA,Total Actividades de Financiamiento
3010501,PATRIMONIO DEL FONDO ADMINISTRADO,FINANCIAMIENTO,AA,Total Actividades de Financiamiento
3010502,PATRIMONIO DEL FONDO COLECTIVO,FINANCIAMIENTO,AA,Total Actividades de Financiamiento
302,APORTES DE SOCIOS O ACCIONISTAS PARA FUTURA CAPITALIZACIÓN,FINANCIAMIENTO,AA,Total Actividades de Financiamiento
30401,RESERVA LEGAL,OPERACION,V,Gstos que no desenvolso de efectivo
30402,RESERVAS FACULTATIVA Y ESTATUTARIA,OPERACION,V,Gstos que no desenvolso de efectivo
30501,SUPERAVIT DE ACTIVOS FINANCIEROS A VALOR RAZONABLE CON CAMBIOS EN OTRO RESULTADO INTEGRAL,OPERACION,V,Gstos que no desenvolso de efectivo
30502,"SUPERAVIT POR REVALUACIÓN DE PROPIEDADES, PLANTA Y EQUIPO",OPERACION,V,Gstos que no desenvolso de efectivo
30503,SUPERAVIT POR REVALUACION DE ACTIVOS INTANGIBLES,OPERACION,V,Gstos que no desenvolso de efectivo
30504,OTROS SUPERAVIT POR REVALUACION,OPERACION,V,Gstos que no desenvolso de efectivo
30601,GANANCIAS ACUMULADAS,OPERACION,S,Incremento  (disminución) en beneficios empleados
30602,(-) PÉRDIDAS ACUMULADAS,OPERACION,V,Gstos que no desenvolso de efectivo
30603,RESULTADOS ACUMULADOS PROVENIENTES DE LA ADOPCION POR PRIMERA VEZ DE LAS NIIF,OPERACION,V,Gstos que no desenvolso de efectivo
30604,RESERVA DE CAPITAL,OPERACION,V,Gstos que no desenvolso de efectivo
30605,RESERVA POR DONACIONES,OPERACION,V,Gstos que no desenvolso de efectivo
30606,RESERVA POR VALUACIÓN,OPERACION,V,Gstos que no desenvolso de efectivo
30607,SUPERÁVIT POR REVALUACIÓN DE INVERSIONES,OPERACION,V,Gstos que no desenvolso de efectivo
30701,GANANCIA NETA DEL PERIODO,OPERACION,V,Gstos que no desenvolso de efectivo
30702,(-) PÉRDIDA NETA DEL PERIODO,OPERACION,V,Gstos que no desenvolso de efectivo
31,PARTICIPACIÓN CONTROLADORA,OPERACION,V,Gstos que no desenvolso de efectivo
